_seed,sample_counts,extend_try,constraint_project_success,constraint_project_success_rate,ik_success,ik_success_rate,extend_success,extend_success_rate,average_success_constraint_project_compute_times,average_ik_compute_times,average_success_ik_compute_times,total_sample_time,total_extend_time,total_project_time,total_ik_time,average_sample_time,average_extend_time,average_extend_project_time,average_extend_ik_time,average_extend_one_project_time,average_extend_one_ik_time,
1272869969,407,3838,3835,0.999218,3486,0.908286,3039,0.791819,1.89074,4.87389,2.679,6.24325,5.61298,0.712448,3.69275,0.0153397,0.00146247,0.00018563,0.000962154,9.81199e-05,0.00019741,
551632951,37,229,229,1,181,0.790393,158,0.689956,1.83843,9.95633,2.58011,0.519824,0.510796,0.0395607,0.404077,0.0140493,0.00223055,0.000172754,0.00176453,9.39685e-05,0.000177227,
1734191538,1,9,9,1,9,1,8,0.888889,1.55556,2.66667,2.66667,0.00921903,0.00902169,0.00112611,0.00517469,0.00921903,0.00100241,0.000125123,0.000574966,8.04365e-05,0.000215612,
1772094252,9,120,119,0.991667,111,0.925,102,0.85,2.30252,3.675,2.3964,0.158085,0.15504,0.0294977,0.0895779,0.017565,0.001292,0.000245814,0.000746483,0.000106876,0.000203125,
373830987,2,47,46,0.978723,45,0.957447,43,0.914894,1.80435,2.6383,2.6,0.051608,0.0506181,0.0082396,0.0275008,0.025804,0.00107698,0.000175311,0.000585123,9.69365e-05,0.00022178,
