_seed,sample_counts,extend_try,constraint_project_success,constraint_project_success_rate,ik_success,ik_success_rate,extend_success,extend_success_rate,average_success_constraint_project_compute_times,average_ik_compute_times,average_success_ik_compute_times,total_sample_time,total_extend_time,total_project_time,total_ik_time,average_sample_time,average_extend_time,average_extend_project_time,average_extend_ik_time,average_extend_one_project_time,average_extend_one_ik_time,
36771711,7294,19332,6143,0.317763,6060,0.31347,4816,0.249121,1.01953,0.768725,2.33102,45.6633,28.3934,5.6928,19.0272,0.0062604,0.00146873,0.000294476,0.000984234,0.000124542,0.00128035,
1677823657,4571,10892,2331,0.21401,2294,0.210613,1778,0.163239,1.18233,0.788836,3.39974,9.85793,6.8137,3.23478,1.63854,0.00215662,0.000625569,0.000296986,0.000150435,0.000129282,0.000190705,
1899237454,9839,24537,11539,0.470269,11396,0.464441,4948,0.201655,1.01543,1.22191,2.45147,54.804,33.658,5.81797,23.2708,0.00557008,0.00137172,0.00023711,0.000948396,0.000115553,0.000776159,
1560430031,825,1969,1063,0.539868,1063,0.539868,322,0.163535,1.01411,1.31336,2.43274,1.48207,1.27998,0.404643,0.535361,0.00179645,0.000650067,0.000205507,0.000271895,0.000109987,0.000207023,
963607153,3384,9954,4299,0.431887,4286,0.430581,3236,0.325095,1.02256,1.00251,2.23425,12.3565,7.16058,2.56884,2.66099,0.00365146,0.000719367,0.000258071,0.000267329,0.000118048,0.000266659,
