_seed,sample_counts,extend_try,constraint_project_success,constraint_project_success_rate,ik_success,ik_success_rate,extend_success,extend_success_rate,average_success_constraint_project_compute_times,average_ik_compute_times,average_success_ik_compute_times,total_sample_time,total_extend_time,total_project_time,total_ik_time,average_sample_time,average_extend_time,average_extend_project_time,average_extend_ik_time,average_extend_one_project_time,average_extend_one_ik_time,
1272869969,677,5916,5883,0.994422,5244,0.88641,4594,0.776538,1.94935,5.23867,2.59916,10.9905,9.3029,1.17908,6.17664,0.0162341,0.0015725,0.000199304,0.00104406,0.000102369,0.000199298,
551632951,41,296,295,0.996622,235,0.793919,217,0.733108,1.97288,9.20946,2.48511,0.640695,0.629757,0.0577187,0.48362,0.0156267,0.00212756,0.000194996,0.00163385,9.90029e-05,0.00017741,
1734191538,1,9,9,1,9,1,8,0.888889,1.55556,2.66667,2.66667,0.00965533,0.00938966,0.00120198,0.00525643,0.00965533,0.0010433,0.000133553,0.000584047,8.58558e-05,0.000219018,
1772094252,17,148,147,0.993243,135,0.912162,115,0.777027,2.2449,4.83108,2.44444,0.223714,0.218705,0.0351215,0.139691,0.0131597,0.00147773,0.000237307,0.000943856,0.000106107,0.000195371,
373830987,38,374,372,0.994652,328,0.877005,299,0.799465,1.98656,5.35294,2.44207,0.580483,0.565652,0.073345,0.38273,0.0152759,0.00151244,0.00019611,0.00102334,9.89811e-05,0.000191174,
